season,no.season,title,release_date
1,1,A Walk in the Woods,1983-01-11
1,2,Mount McKinley,1983-01-11
1,3,Ebony Sunset,1983-01-18
1,4,Winter Mist,1983-01-25
1,5,Quiet Stream,1983-02-01
1,6,Winter Moon,1983-02-08
1,7,Autumn Mountain,1983-02-15
1,8,Peaceful Valley,1983-02-22
1,9,Seascape,1983-03-01
1,10,Mountain Lake,1983-03-08
1,11,Winter Glow,1983-03-15
1,12,Snowfall,1983-03-22
1,13,Final Reflections,1983-03-29
2,1,Meadow Lake,1983-08-31
2,2,Winter Sun,1983-09-07
2,3,Ebony Sea,1983-09-14
2,4,Shades of Gray,1983-09-21
2,5,Autumn Splendor,1983-09-28
2,6,Black River,1983-10-05
2,7,Brown Mountain,1983-10-12
2,8,Reflections,1983-10-19
2,9,Black & White Seascape,1983-10-26
2,10,Lazy River,1983-11-02
2,11,Black Waterfall,1983-11-09
2,12,Mountain Waterfall,1983-11-16
2,13,Final Grace,1983-11-23
3,1,Mountain Retreat,1984-01-04
3,2,Blue Moon,1984-01-11
3,3,Bubbling Stream,1984-01-18
3,4,Winter Night,1984-01-25
3,5,Distant Hills,1984-02-01
3,6,Covered Bridge,1984-02-08
3,7,Quiet Inlet,1984-02-15
3,8,Night Light,1984-02-22
3,9,The Old Mill,1984-03-01
3,10,Campfire,1984-03-08
3,11,Rustic Barn,1984-03-15
3,12,Hidden Lake,1984-03-22
3,13,Peaceful Waters,1984-03-29
4,1,Purple Splendor,1984-09-05
4,2,Tranquil Valley,1984-09-12
4,3,Majestic Mountains,1984-09-19
4,4,Winter Sawscape,1984-09-26
4,5,Evening Seascape,1984-10-03
4,6,Warm Summer Day,1984-10-10
4,7,Cabin in the Woods,1984-10-17
4,8,Wetlands,1984-10-24
4,9,Cool Waters,1984-10-31
4,10,Quiet Woods,1984-11-07
4,11,Northwest Majesty,1984-11-14
4,12,Autumn Days,1984-11-21
4,13,Mountain Challenge,1984-11-28
5,1,Mountain Waterfall,1985-01-02
5,2,Twilight Meadow,1985-01-09
5,3,Mountain Blossoms,1985-01-16
5,4,Winter Stillness,1985-01-23
5,5,Quiet Pond,1985-01-30
5,6,Ocean Sunrise,1985-02-06
5,7,Bubbling Brook,1985-02-13
5,8,Arizona Splendor,1985-02-20
5,9,Anatomy of a Wave,1985-02-27
5,10,The Windmill,1985-03-06
5,11,Autumn Glory,1985-03-13
5,12,Indian Girl,1985-03-20
5,13,Meadow Stream,1985-03-27
6,1,Blue River,1985-05-01
6,2,Nature's Edge,1985-05-08
6,3,Morning Mist,1985-05-15
6,4,Whispering Stream,1985-05-22
6,5,Secluded Forest,1985-05-29
6,6,Snow Trail,1985-06-05
6,7,Arctic Beauty,1985-06-12
6,8,Horizons West,1985-06-19
6,9,High Chateau,1985-06-26
6,10,Country Life,1985-07-02
6,11,Western Expanse,1985-07-09
6,12,Marshlands,1985-07-16
6,13,Blaze of Color,1985-07-23
7,1,Winter Cabin,1985-10-02
7,2,Secluded Lake,1985-10-09
7,3,Evergreen at Sunset,1985-10-16
7,4,Mountain Cabin,1985-10-23
7,5,Portrait of Sally,1985-10-30
7,6,Misty Waterfall,1985-11-06
7,7,Barn at Sunset,1985-11-13
7,8,Mountain Splendor,1985-11-20
7,9,Lake by Mountain,1985-11-27
7,10,Mountain Glory,1985-12-06
7,11,Grey Winter,1985-12-13
7,12,Dock Scene,1985-12-20
7,13,Dark Waterfall,1985-12-27
8,1,Misty Rolling Hills,1986-01-02
8,2,Lakeside Cabin,1986-01-09
8,3,Warm Winter Day,1986-01-16
8,4,Waterside Way,1986-01-23
8,5,Hunter's Haven,1986-01-30
8,6,Bubbling Mountain Brook,1986-02-06
8,7,Winter Hideaway,1986-02-13
8,8,Foot of the Mountain,1986-02-20
8,9,Majestic Pine,1986-02-27
8,10,Cactus at Sunset,1986-03-06
8,11,Mountain Range,1986-03-13
8,12,Lonely Retreat,1986-03-20
8,13,Northern Lights,1986-03-27
9,1,Winter Evergreens,1986-04-30
9,2,Surf's Up,1986-05-07
9,3,Red Sunset,1986-05-14
9,4,Meadow Road,1986-05-21
9,5,Winter Oval,1986-05-28
9,6,Secluded Beach,1986-06-04
9,7,Forest Hills,1986-06-11
9,8,Little House by the Road,1986-06-18
9,9,Mountain Pass,1986-06-25
9,10,Country Charm,1986-07-02
9,11,Nature's Paradise,1986-07-09
9,12,Mountain by the Sea,1986-06-16
9,13,Mountain Hideaway,1986-06-23
10,1,Towering Peaks,1986-09-03
10,2,Cabin at Sunset,1986-09-10
10,3,Twin Falls,1986-09-17
10,4,Secluded Bridge,1986-09-24
10,5,Ocean Breeze,1986-10-01
10,6,Autumn Woods,1986-10-08
10,7,Winter Solitude,1986-10-15
10,8,Golden Sunset,1986-10-22
10,9,Mountain Oval,1986-10-29
10,10,Ocean Sunset,1986-11-05
10,11,Triple View,1986-11-12
10,12,Winter Frost,1986-11-19
10,13,Lakeside Cabin,1986-11-26
11,1,Mountain Stream,1986-12-31
11,2,Country Cabin,1987-01-07
11,3,Daisy Delight,1987-01-14
11,4,Hidden Stream,1987-01-21
11,5,Towering Glacier,1987-01-28
11,6,Oval Barn,1987-02-04
11,7,Lakeside Path,1987-02-11
11,8,Sunset Oval,1987-02-18
11,9,Winter Barn,1987-02-25
11,10,Sunset Over the Waves,1987-03-04
11,11,Golden Glow,1987-03-11
11,12,Roadside Barn,1987-03-18
11,13,Happy Accident,1987-03-25
12,1,Golden Knoll,1987-04-29
12,2,Mountain Reflections,1987-05-06
12,3,Secluded Mountain,1987-05-13
12,4,Bright Autumn Trees,1987-05-20
12,5,Black Seascape,1987-05-27
12,6,Steep Mountains,1987-06-03
12,7,Quiet Mountain River,1987-06-10
12,8,Evening Waterfall,1987-06-17
12,9,Tropical Seascape,1987-06-24
12,10,Mountain at Sunset,1987-07-01
12,11,Soft Mountain Glow,1987-07-08
12,12,Mountain in an Oval,1987-07-15
12,13,Winter Mountain,1987-07-22
13,1,Rolling Hills,1987-09-02
13,2,Frozen Solitude,1987-09-09
13,3,Meadow Brook,1987-09-16
13,4,Evening Sunset,1987-09-23
13,5,Mountain View,1987-09-30
13,6,Hidden Creek,1987-10-07
13,7,Peaceful Haven,1987-10-14
13,8,Mountain Exhibition,1987-10-21
13,9,Emerald Waters,1987-10-28
13,10,Mountain Summit,1987-11-04
13,11,Cabin Hideaway,1987-11-11
13,12,Oval Essence,1987-11-18
13,13,Lost Lake,1987-11-25
14,1,Distant Mountains,1987-12-30
14,2,Meadow Brook Surprise,1988-01-06
14,3,Mountain Moonlight Oval,1988-01-13
14,4,Snowy Solitude,1988-01-20
14,5,Mountain River,1988-01-27
14,6,Graceful Mountains,1988-02-03
14,7,Windy Waves,1988-02-10
14,8,On a Clear Day,1988-02-17
14,9,Riverside Escape Oval,1988-02-24
14,10,Surprising Falls,1988-03-02
14,11,Shadow Pond,1988-03-09
14,12,Misty Forest Oval,1988-03-16
14,13,Natural Wonder,1988-03-23
15,1,Splendor of Winter,1988-04-27
15,2,Colors of Nature,1988-05-04
15,3,Grandpa's Barn,1988-05-11
15,4,Peaceful Reflections,1988-05-18
15,5,Hidden Winter Moon Oval,1988-05-25
15,6,Waves of Wonder,1988-06-01
15,7,Cabin by the Pond,1988-06-08
15,8,Fall Stream,1988-06-15
15,9,Christmas Eve Snow,1988-06-22
15,10,Forest Dawn Oval,1988-06-29
15,11,Pathway to Autumn,1988-07-06
15,12,Deep Forest Lake,1988-07-13
15,13,Peaks of Majesty,1988-07-20
16,1,Two Seasons,1988-08-17
16,2,Nestled Cabin,1988-08-24
16,3,Wintertime Discovery,1988-08-31
16,4,Mountain Mirage,1988-09-07
16,5,Double Oval Fantasy,1988-09-14
16,6,Contemplative Lady,1988-09-21
16,7,Deep Woods,1988-09-28
16,8,High Tide,1988-10-05
16,9,Barn in Snow Oval,1988-10-12
16,10,That Time of Year,1988-10-19
16,11,Waterfall Wonder,1988-10-26
16,12,Mighty Mountain Lake,1988-11-02
16,13,Wooded Stream Oval,1988-11-09
17,1,Golden Mist Oval,1989-01-04
17,2,Old Place Home,1989-01-11
17,3,Soothing Vista,1989-01-18
17,4,Stormy Seas,1989-01-25
17,5,Country Time,1989-02-01
17,6,A Mild Winter's Day,1989-02-08
17,7,Spectacular Waterfall,1989-02-15
17,8,View From the Park,1989-02-22
17,9,Lake View,1989-03-01
17,10,Old Country Mill,1989-03-08
17,11,Morning Walk,1989-03-15
17,12,Nature's Splendor,1989-03-22
17,13,Mountain Beauty,1989-03-29
18,1,Half Oval Vignette,1989-07-05
18,2,Absolutely Autumn,1989-07-12
18,3,Mountain Seclusion,1989-07-19
18,4,Crimson Oval,1989-07-26
18,5,Autumn Exhibition,1989-08-02
18,6,Majestic Peaks,1989-08-09
18,7,Golden Morning Mist,1989-08-16
18,8,Winter Lace,1989-08-23
18,9,Seascape Fantasy,1989-08-30
18,10,Double Oval Stream,1989-09-06
18,11,Enchanted Forest,1989-09-13
18,12,Southwest Serenity,1989-09-20
18,13,Rippling Waters,1989-09-27
19,1,Snowfall Magic,1990-01-03
19,2,Quiet Mountain Lake,1990-01-10
19,3,Final Embers of Sunlight,1990-01-17
19,4,Snowy Morn,1990-01-24
19,5,Camper's Haven,1990-01-31
19,6,Waterfall in the Woods,1990-02-07
19,7,Covered Bridge Oval,1990-02-14
19,8,Scenic Seclusion,1990-02-21
19,9,Ebb Tide,1990-02-28
19,10,After the Rain,1990-03-07
19,11,Winter Elegance,1990-03-14
19,12,Evening's Peace,1990-03-21
19,13,Valley of Tranquility,1990-03-28
20,1,Mystic Mountain,1990-04-04
20,2,New Day's Dawn,1990-04-11
20,3,Pastel Winter,1990-04-18
20,4,Hazy Day,1990-04-25
20,5,Divine Elegance,1990-05-02
20,6,Cliffside,1990-05-09
20,7,Autumn Fantasy,1990-05-16
20,8,Old Oak Tree,1990-05-23
20,9,Winter Paradise,1990-05-30
20,10,Days Gone By,1990-06-06
20,11,Change of Seasons,1990-06-13
20,12,Hidden Delight,1990-06-20
20,13,Double Take,1990-06-27
21,1,Valley View,1990-09-05
21,2,Tranquil Dawn,1990-09-12
21,3,Royal Majesty,1990-09-19
21,4,Serenity,1990-09-26
21,5,Cabin at Trial's End,1990-10-03
21,6,Mountain Rhapsody,1990-10-10
21,7,Wilderness Cabin,1990-10-17
21,8,By the Sea,1990-10-24
21,9,Indian Summer,1990-10-31
21,10,Blue Winter,1990-11-07
21,11,Desert Glow,1990-11-14
21,12,Lone Mountain,1990-11-21
21,13,Florida's Glory,1990-11-28
22,1,Autumn Images,1991-01-01
22,2,Hint of Springtime,1991-01-08
22,3,Around the Bend,1991-01-15
22,4,Countryside Oval,1991-01-22
22,5,Russet Winter,1991-01-29
22,6,Purple Haze,1991-02-05
22,7,Dimensions,1991-02-12
22,8,Deep Wilderness Home,1991-02-19
22,9,Haven in the Valley,1991-02-26
22,10,Wintertime Blues,1991-03-05
22,11,Pastel Seascape,1991-03-12
22,12,Country Creek,1991-03-19
22,13,Silent Forest,1991-03-26
23,1,Frosty Winter Morn,1991-09-03
23,2,Forest Edge,1991-09-10
23,3,Mountain Ridge Lake,1991-09-17
23,4,Reflections of Gold,1991-09-24
23,5,Quiet Cove,1991-10-01
23,6,River's Peace,1991-10-08
23,7,At Dawn's Light,1991-10-15
23,8,Valley Waterfall,1991-10-22
23,9,Toward Day's End,1991-10-29
23,10,Falls in the Glen,1991-11-05
23,11,Frozen Beauty in Vignette,1991-11-12
23,12,Crimson Tide,1991-11-19
23,13,Winter Bliss,1991-11-26
24,1,Grey Mountain,1992-01-07
24,2,Wayside Pond,1992-01-14
24,3,Teton Winter,1992-01-21
24,4,Little Home in the Meadow,1992-01-28
24,5,Pretty Autumn Day,1992-02-04
24,6,Mirrored Images,1992-02-11
24,7,Back-Country Path,1992-02-18
24,8,Graceful Waterfall,1992-02-25
24,9,Icy Lake,1992-03-03
24,10,Rowboat on the Beach,1992-03-10
24,11,Portrait of Winter,1992-03-17
24,12,Footbridge,1992-03-24
24,13,Snowbound Cabin,1992-03-31
25,1,Hide-a-Way Cove,1992-08-25
25,2,Enchanted Falls Oval,1992-09-01
25,3,Not Quite Spring,1992-09-08
25,4,Splashes of Autumn,1992-09-15
25,5,Summer in the Mountains,1992-09-22
25,6,Oriental Falls,1992-09-29
25,7,Autumn Palette,1992-10-06
25,8,Cypress Swamp,1992-10-13
25,9,Downstream View,1992-10-20
25,10,Just Before the Storm,1992-10-27
25,11,Fisherman's Paradise,1992-11-03
25,12,Desert Hues,1992-11-10
25,13,The Property Line,1992-11-17
26,1,In the Stillness of Morning,1992-12-01
26,2,Delightful Meadow Home,1992-12-08
26,3,First Snow,1992-12-15
26,4,Lake in the Valley,1992-12-22
26,5,A Trace of Spring,1992-12-29
26,6,An Arctic Winter Day,1993-01-05
26,7,Snow Birch,1993-01-12
26,8,Early Autumn,1993-01-19
26,9,Tranquil Wooded Stream,1993-01-26
26,10,Purple Mountain Range,1993-02-02
26,11,Storm's a Comin',1993-02-09
26,12,Sunset Aglow,1993-02-16
26,13,Evening at the Falls,1993-02-23
27,1,Twilight Beauty,1993-03-02
27,2,Angler's Haven,1993-03-09
27,3,Rustic Winter Woods,1993-03-16
27,4,Wilderness Falls,1993-03-23
27,5,Winter at the Farm,1993-03-30
27,6,Daisies at Dawn,1993-04-06
27,7,A Spectacular View,1993-04-13
27,8,Daybreak,1993-04-20
27,9,Island Paradise,1993-04-27
27,10,Sunlight in the Shadows,1993-05-04
27,11,Splendor of a Snowy Winter,1993-05-11
27,12,Forest River,1993-05-18
27,13,Golden Glow of Morning,1993-05-20
28,1,Fisherman's Trail,1993-05-25
28,2,A Warm Winter,1993-06-01
28,3,Under Pastel Skies,1993-06-08
28,4,Golden Rays of Sunlight,1993-06-15
28,5,The Magic of Fall,1993-06-22
28,6,Glacier Lake,1993-06-29
28,7,The Old Weathered Barn,1993-07-06
28,8,Deep Forest Falls,1993-07-13
28,9,Winter's Grace,1993-07-20
28,10,Splendor of Autumn,1993-07-27
28,11,Tranquil Seas,1993-08-03
28,12,Mountain Serenity,1993-08-10
28,13,Home Before Nightfall,1993-08-17
29,1,Island in the Wilderness,1993-08-24
29,2,Autumn Oval,1993-08-31
29,3,Seasonal Progression,1993-09-07
29,4,Light at the Summit,1993-09-14
29,5,Countryside Barn,1993-09-21
29,6,Mountain Lake Falls,1993-09-28
29,7,Cypress Creek,1993-10-05
29,8,Trapper's Cabin,1993-10-12
29,9,Storm on the Horizon,1993-10-19
29,10,Pot O' Posies,1993-10-26
29,11,A Perfect Winter Day,1993-11-02
29,12,Aurora's Dance,1993-11-09
29,13,Woodsman's Retreat,1993-11-16
30,1,Babbling Brook,1993-11-23
30,2,Woodgrain View,1993-11-30
30,3,Winter's Peace,1993-12-07
30,4,Wilderness Trail,1993-12-14
30,5,A Copper Winter,1993-12-21
30,6,Misty Foothills,1993-12-28
30,7,Through the Window,1994-01-04
30,8,Home in the Valley,1994-01-11
30,9,Mountains of Grace,1994-01-18
30,10,Seaside Harmony,1994-01-25
30,11,A Cold Spring Day,1994-02-01
30,12,Evening's Glow,1994-02-08
30,13,Blue Ridge Falls,1994-02-15
31,1,Reflections of Calm,1994-02-22
31,2,Before the Snowfall,1994-03-01
31,3,Winding Stream,1994-03-08
31,4,Tranquility Cove,1994-03-15
31,5,Cabin in the Hollow,1994-03-22
31,6,View From Clear Creek,1994-03-29
31,7,Bridge to Autumn,1994-04-05
31,8,Trail's End,1994-04-12
31,9,Evergreen Valley,1994-04-19
31,10,Balmy Beach,1994-04-26
31,11,Lake at the Ridge,1994-05-03
31,12,In the Midst of Winter,1994-05-10
31,13,Wilderness Way,1994-05-17
32,1,Misty Mountain Morning,2024-05-03
32,2,Stormâ€™s Arrival,2024-05-10
32,3,Moonlit Serenade,2024-05-17
32,4,Trapper's Retreat,2024-05-24
32,5,September Song,2024-05-31
32,6,Midnight Breaker,2024-06-07
32,7,Woodland Peace,2024-06-14
32,8,Alpine Meadow,2024-06-21
32,9,Galaxy Grandeur,2024-06-28
32,10,Silver Falls,2024-07-05
32,11,Lakeside Sunset,2024-07-12
32,12,Pacific Coastline,2024-07-19
32,13,Independence Day,2024-07-26
